Symbol,Screener
BANKNIFTY,https://scanx.trade/stock-screener/index/nifty-bank
FINNIFTY,https://scanx.trade/stock-screener/index/nifty-financial-services
GOLDSTAR,https://scanx.trade/company/goldstar-power-ltd
MIDCPNIFTY,https://scanx.trade/stock-screener/index/nifty-midcap-select
NIFTY,https://scanx.trade/stock-screener/index/nifty-50
NIFTYNXT50,https://scanx.trade/stock-screener/index/nifty-next-50
360ONE,https://scanx.trade/company/360-one-wam-ltd
ABB,https://scanx.trade/company/abb-ltd
ABCAPITAL,https://scanx.trade/company/aditya-birla-capital-ltd
ADANIENSOL,https://scanx.trade/company/adani-transmission-ltd
ADANIENT,https://scanx.trade/company/adani-enterprises-ltd
ADANIGREEN,https://scanx.trade/company/adani-green-energy-ltd
ADANIPORTS,https://scanx.trade/company/adani-ports-sez-ltd
ADANIPOWER,https://scanx.trade/company/adani-power-ltd
ALKEM,https://scanx.trade/company/alkem-laboratories-ltd
AMBER,https://scanx.trade/company/amber-enterprises-india-ltd
AMBUJACEM,https://scanx.trade/company/ambuja-cements-ltd
ANGELONE,https://scanx.trade/company/angel-broking-ltd
APLAPOLLO,https://scanx.trade/company/apl-apollo-tubes-ltd
APOLLOHOSP,https://scanx.trade/company/apollo-hospitals-ltd
ASHOKLEY,https://scanx.trade/company/ashok-leyland-ltd
ASIANPAINT,https://scanx.trade/company/asian-paints-ltd
ASTRAL,https://scanx.trade/company/astral-poly-technik-ltd
AUBANK,https://scanx.trade/company/au-small-finance-bank-ltd
AUROPHARMA,https://scanx.trade/company/aurobindo-pharma-ltd
AXISBANK,https://scanx.trade/company/axis-bank-ltd
BAJAJ-AUTO,https://scanx.trade/company/bajaj-auto-ltd
BAJAJFINSV,https://scanx.trade/company/bajaj-finserv-ltd
BAJAJHLDNG,https://scanx.trade/company/bajaj-holdings-and-investments-ltd
BAJFINANCE,https://scanx.trade/company/bajaj-finance-ltd
BANDHANBNK,https://scanx.trade/company/bandhan-bank-ltd
BANKBARODA,https://scanx.trade/company/bank-of-baroda-ltd
BANKINDIA,https://scanx.trade/company/bank-of-india-ltd
BDL,https://scanx.trade/company/bharat-dynamics-ltd
BEL,https://scanx.trade/company/bharat-electronics-ltd
BHARATFORG,https://scanx.trade/company/bharat-forge-ltd
BHARTIARTL,https://scanx.trade/company/bharti-airtel-ltd
BHEL,https://scanx.trade/company/bhel-bharat-heavy-electricals-ltd
BIOCON,https://scanx.trade/company/biocon-ltd
BLUESTARCO,https://scanx.trade/company/blue-star-ltd
BOSCHLTD,https://scanx.trade/company/bosch-ltd
BPCL,https://scanx.trade/company/bharat-petroleum-ltd
BRITANNIA,https://scanx.trade/company/britannia-industries-ltd
BSE,https://scanx.trade/company/bse-ltd
CAMS,https://scanx.trade/company/cams-ltd
CANBK,https://scanx.trade/company/canara-bank-ltd
CDSL,https://scanx.trade/company/central-depository-services-ltd
CGPOWER,https://scanx.trade/company/cg-power-and-industrial-solutions-ltd
CHOLAFIN,https://scanx.trade/company/cholamandalam-investment-ltd
CIPLA,https://scanx.trade/company/cipla-ltd
COALINDIA,https://scanx.trade/company/coal-india-ltd
COCHINSHIP,https://scanx.trade/company/cochin-shipyard-ltd
COFORGE,https://scanx.trade/company/coforge-ltd
COLPAL,https://scanx.trade/company/colgate-palmolive-ltd
CONCOR,https://scanx.trade/company/container-corporation-of-india-ltd
CROMPTON,https://scanx.trade/company/crompton-greaves-consumer-electricals-ltd
CUMMINSIND,https://scanx.trade/company/cummins-india-ltd
DABUR,https://scanx.trade/company/dabur-india-ltd
DALBHARAT,https://scanx.trade/company/dalmia-bharat-ltd
DELHIVERY,https://scanx.trade/company/delhivery-ltd
DIVISLAB,https://scanx.trade/company/divis-laboratories-ltd
DIXON,https://scanx.trade/company/dixon-technologies-ltd
DLF,https://scanx.trade/company/dlf-ltd
DMART,https://scanx.trade/company/dmart-avenue-supermarts-ltd
DRREDDY,https://scanx.trade/company/dr-reddys-laboratories-ltd
EICHERMOT,https://scanx.trade/company/eicher-motors-ltd
ETERNAL,https://scanx.trade/company/zomato-ltd
FEDERALBNK,https://scanx.trade/company/federal-bank-ltd
FORCEMOT,https://scanx.trade/company/force-motors-ltd
FORTIS,https://scanx.trade/company/fortis-healthcare-ltd
GAIL,https://scanx.trade/company/gail-ltd
GLENMARK,https://scanx.trade/company/glenmark-pharmaceuticals-ltd
GMRAIRPORT,https://scanx.trade/company/gmr-infrastructure-ltd
GODFRYPHLP,https://scanx.trade/company/godfrey-phillips-india-ltd
GODREJCP,https://scanx.trade/company/godrej-consumer-products-ltd
GODREJPROP,https://scanx.trade/company/godrej-properties-ltd
GRASIM,https://scanx.trade/company/grasim-industries-ltd
GVT&D,https://scanx.trade/company/ge-td-india-ltd
HAL,https://scanx.trade/company/hal-hindustan-aeronautics-ltd
HAVELLS,https://scanx.trade/company/havells-india-ltd
HCLTECH,https://scanx.trade/company/hcl-technologies-ltd
HDFCAMC,https://scanx.trade/company/hdfc-asset-management-company-ltd
HDFCBANK,https://scanx.trade/company/hdfc-bank-ltd
HDFCLIFE,https://scanx.trade/company/hdfc-life-insurance-ltd
HEROMOTOCO,https://scanx.trade/company/hero-motocorp-ltd
HINDALCO,https://scanx.trade/company/hindalco-industries-ltd
HINDPETRO,https://scanx.trade/company/hindustan-petroleum-ltd
HINDUNILVR,https://scanx.trade/company/hindustan-unilever-ltd
HINDZINC,https://scanx.trade/company/hindustan-zinc-ltd
HYUNDAI,https://scanx.trade/company/hyundai-motor-india-ltd
ICICIBANK,https://scanx.trade/company/icici-bank-ltd
ICICIGI,https://scanx.trade/company/icici-lombard-general-insurance-ltd
ICICIPRULI,https://scanx.trade/company/icici-prudential-life-insurance-ltd
IDEA,https://scanx.trade/company/vodafone-idea-ltd
IDFCFIRSTB,https://scanx.trade/company/idfc-first-bank-ltd
IEX,https://scanx.trade/company/indian-energy-exchange-ltd
INDHOTEL,https://scanx.trade/company/indian-hotels-company-ltd
INDIANB,https://scanx.trade/company/indian-bank-ltd
INDIGO,https://scanx.trade/company/indigo-interglobe-aviation-ltd
INDUSINDBK,https://scanx.trade/company/indusind-bank-ltd
INDUSTOWER,https://scanx.trade/company/bharti-infratel-ltd
INFY,https://scanx.trade/company/infosys-ltd
INOXWIND,https://scanx.trade/company/inox-wind-ltd
IOC,https://scanx.trade/company/indian-oil-corporation-ltd
IREDA,https://scanx.trade/company/ireda-ltd
IRFC,https://scanx.trade/company/indian-railway-finance-corp-ltd
ITC,https://scanx.trade/company/itc-ltd
JINDALSTEL,https://scanx.trade/company/jindal-steel-ltd
JIOFIN,https://scanx.trade/company/jio-financial-services-ltd
JSWENERGY,https://scanx.trade/company/jsw-energy-ltd
JSWSTEEL,https://scanx.trade/company/jsw-steel-ltd
JUBLFOOD,https://scanx.trade/company/jubilant-foodworks-ltd
KALYANKJIL,https://scanx.trade/company/kalyan-jewellers-ltd
KAYNES,https://scanx.trade/company/kaynes-technology-ltd
KEI,https://scanx.trade/company/kei-industries-ltd
KFINTECH,https://scanx.trade/company/kfin-technologies-ltd
KOTAKBANK,https://scanx.trade/company/kotak-mahindra-bank-ltd
KPITTECH,https://scanx.trade/company/kpit-technologies-ltd
LAURUSLABS,https://scanx.trade/company/laurus-labs-ltd
LICHSGFIN,https://scanx.trade/company/lic-housing-finance-ltd
LICI,https://scanx.trade/company/lic-of-india-ltd
LODHA,https://scanx.trade/company/macrotech-developers-ltd
LT,https://scanx.trade/company/lt-larsen-toubro-ltd
LTF,https://scanx.trade/company/lt-finance-holdings-ltd
LTM,https://scanx.trade/company/lti-larsen-toubro-infotech-ltd
LUPIN,https://scanx.trade/company/lupin-ltd
M&M,https://scanx.trade/company/mahindra-mahindra-ltd
MANAPPURAM,https://scanx.trade/company/manappuram-finance-ltd
MANKIND,https://scanx.trade/company/mankind-pharma-ltd
MARICO,https://scanx.trade/company/marico-ltd
MARUTI,https://scanx.trade/company/maruti-suzuki-ltd
MAXHEALTH,https://scanx.trade/company/max-healthcare-institute-ltd
MAZDOCK,https://scanx.trade/company/mazagon-dock-shipbuilders-ltd
MCX,https://scanx.trade/company/multi-commodity-exchange-ltd
MFSL,https://scanx.trade/company/max-financial-services-ltd
MOTHERSON,https://scanx.trade/company/motherson-sumi-systems-ltd
MOTILALOFS,https://scanx.trade/company/motilal-oswal-financial-services-ltd
MPHASIS,https://scanx.trade/company/mphasis-ltd
MUTHOOTFIN,https://scanx.trade/company/muthoot-finance-ltd
NAM-INDIA,https://scanx.trade/company/nippon-life-india-asset-management-ltd
NATIONALUM,https://scanx.trade/company/national-aluminium-company-ltd
NAUKRI,https://scanx.trade/company/naukri-info-edge-ltd
NBCC,https://scanx.trade/company/nbcc-ltd
NESTLEIND,https://scanx.trade/company/nestle-india-ltd
NHPC,https://scanx.trade/company/nhpc-ltd
NMDC,https://scanx.trade/company/nmdc-ltd
NTPC,https://scanx.trade/company/ntpc-ltd
NYKAA,https://scanx.trade/company/nykaa-ltd
OBEROIRLTY,https://scanx.trade/company/oberoi-realty-ltd
OFSS,https://scanx.trade/company/oracle-financial-services-software-ltd
OIL,https://scanx.trade/company/oil-india-ltd
ONGC,https://scanx.trade/company/oil-natural-gas-corporation-ltd
PAGEIND,https://scanx.trade/company/page-industries-ltd
PATANJALI,https://scanx.trade/company/ruchi-soya-industries-ltd
PAYTM,https://scanx.trade/company/paytm-ltd
PERSISTENT,https://scanx.trade/company/persistent-systems-ltd
PETRONET,https://scanx.trade/company/petronet-lng-ltd
PFC,https://scanx.trade/company/power-finance-corporation-ltd
PGEL,https://scanx.trade/company/pg-electroplast-ltd
PHOENIXLTD,https://scanx.trade/company/phoenix-mills-ltd
PIDILITIND,https://scanx.trade/company/pidilite-industries-ltd
PIIND,https://scanx.trade/company/pi-industries-ltd
PNB,https://scanx.trade/company/punjab-national-bank-ltd
PNBHOUSING,https://scanx.trade/company/pnb-housing-finance-ltd
POLICYBZR,https://scanx.trade/company/policy-bazaar-ltd
POLYCAB,https://scanx.trade/company/polycab-india-ltd
POWERGRID,https://scanx.trade/company/power-grid-corporation-of-india-ltd
POWERINDIA,https://scanx.trade/company/abb-power-products-systems-ltd
PREMIERENE,https://scanx.trade/company/premier-energies-ltd
PRESTIGE,https://scanx.trade/company/prestige-estate-ltd
RADICO,https://scanx.trade/company/radico-khaitan-ltd
RBLBANK,https://scanx.trade/company/rbl-bank-ltd
RECLTD,https://scanx.trade/company/rural-electrification-corporation-ltd
RELIANCE,https://scanx.trade/company/reliance-industries-ltd
RVNL,https://scanx.trade/company/rail-vikas-nigam-ltd
SAIL,https://scanx.trade/company/steel-authority-of-india-ltd
SBICARD,https://scanx.trade/company/sbi-cards-ltd
SBILIFE,https://scanx.trade/company/sbi-life-insurance-ltd
SBIN,https://scanx.trade/company/state-bank-of-india-ltd
SHREECEM,https://scanx.trade/company/shree-cement-ltd
SHRIRAMFIN,https://scanx.trade/company/shriram-transport-finance-company-ltd
SIEMENS,https://scanx.trade/company/siemens-ltd
SOLARINDS,https://scanx.trade/company/solar-industries-ltd
SONACOMS,https://scanx.trade/company/sona-blw-precision-forgings-ltd
SRF,https://scanx.trade/company/srf-ltd
SUNPHARMA,https://scanx.trade/company/sun-pharmaceutical-ltd
SUPREMEIND,https://scanx.trade/company/supreme-industries-ltd
SUZLON,https://scanx.trade/company/suzlon-ltd
SWIGGY,https://scanx.trade/company/swiggy-ltd
TATACONSUM,https://scanx.trade/company/tata-consumer-products-ltd
TATAELXSI,https://scanx.trade/company/tata-elxsi-ltd
TATAPOWER,https://scanx.trade/company/tata-power-ltd
TATASTEEL,https://scanx.trade/company/tata-steel-ltd
TCS,https://scanx.trade/company/tcs-tata-consultancy-services-ltd
TECHM,https://scanx.trade/company/tech-mahindra-ltd
TIINDIA,https://scanx.trade/company/tube-invest-of-india-ltd
TITAN,https://scanx.trade/company/titan-ltd
TMPV,https://scanx.trade/company/tata-motors-passenger-vehicles-ltd
TORNTPHARM,https://scanx.trade/company/torrent-pharmaceuticals-ltd
TRENT,https://scanx.trade/company/trent-ltd
TVSMOTOR,https://scanx.trade/company/tvs-motors-ltd
ULTRACEMCO,https://scanx.trade/company/ultratech-cement-ltd
UNIONBANK,https://scanx.trade/company/union-bank-of-india-ltd
UNITDSPR,https://scanx.trade/company/united-spirits-ltd
UNOMINDA,https://scanx.trade/company/minda-industries-ltd
UPL,https://scanx.trade/company/upl-united-phosphorus-ltd
VBL,https://scanx.trade/company/varun-beverages-ltd
VEDL,https://scanx.trade/company/vedanta-ltd
VMM,https://scanx.trade/company/vishal-mega-mart-ltd
VOLTAS,https://scanx.trade/company/voltas-ltd
WAAREEENER,https://scanx.trade/company/waaree-energies-ltd
WIPRO,https://scanx.trade/company/wipro-ltd
YESBANK,https://scanx.trade/company/yes-bank-ltd
ZYDUSLIFE,https://scanx.trade/company/cadila-healthcare-ltd
